Mayo_01_M_S36_L001_R1_001.fastq.gz	@A00938:497:HFFJHDSX7:1:1101:30526:1031 1:N:0:CCGCGGTT+NTAGCGCT
Mayo_01_P_S55_L001_R1_001.fastq.gz	@A00938:497:HFFJHDSX7:1:1101:29261:1031 1:N:0:AAGATACT+NTGTAAGT
Mayo_02_M_S43_L001_R1_001.fastq.gz	@A00938:497:HFFJHDSX7:1:1101:31159:1031 1:N:0:TTATAACC+NCGATATC
Mayo_02_P_S84_L001_R1_001.fastq.gz	@A00938:497:HFFJHDSX7:1:1101:15745:1047 1:N:0:GGAGCGTC+NCACGGAC
Mayo_03_M_S5_L001_R1_001.fastq.gz	@A00938:497:HFFJHDSX7:1:1101:32280:1031 1:N:0:GGACTTGG+NGTCTGCG
Mayo_03_P_S2_L001_R1_001.fastq.gz	@A00938:497:HFFJHDSX7:1:1101:28863:1031 1:N:0:ATGGCATG+NGTACCTT
Mayo_04_M_S41_L001_R1_001.fastq.gz	@A00938:497:HFFJHDSX7:1:1101:28140:1031 1:N:0:AAGTCCAA+NACTCATA
Mayo_04_P_S30_L001_R1_001.fastq.gz	@A00938:497:HFFJHDSX7:1:1101:29062:1031 1:N:0:GCAATGCA+NACGTTCC
Mayo_05_M_S60_L001_R1_001.fastq.gz	@A00938:497:HFFJHDSX7:1:1101:28971:1031 1:N:0:ATCCACTG+NCGCACCT
Mayo_05_P_S6_L001_R1_001.fastq.gz	@A00938:497:HFFJHDSX7:1:1101:29351:1031 1:N:0:GTTCCAAT+NCAGAATT
Mayo_06_M_S26_L001_R1_001.fastq.gz	@A00938:497:HFFJHDSX7:1:1101:17264:1047 1:N:0:GCTTGTCA+NTATGTTC
Mayo_06_P_S12_L001_R1_001.fastq.gz	@A00938:497:HFFJHDSX7:1:1101:30038:1031 1:N:0:ACCTTGGC+NTGAGGCC
Mayo_07_M_S79_L001_R1_001.fastq.gz	@A00938:497:HFFJHDSX7:1:1101:30219:1031 1:N:0:CAAGCTAG+NGCTATGT
Mayo_07_P_S80_L001_R1_001.fastq.gz	@A00938:497:HFFJHDSX7:1:1101:29333:1031 1:N:0:ATATCTCG+NCTAAGAT
Mayo_08_M_S57_L001_R1_001.fastq.gz	@A00938:497:HFFJHDSX7:1:1101:29387:1031 1:N:0:TGGATCGA+NATCGCAC
Mayo_08_P_S63_L001_R1_001.fastq.gz	@A00938:497:HFFJHDSX7:1:1101:16884:1047 1:N:0:GCGCTCTA+NTCGGAGC
Mayo_09_M_S52_L001_R1_001.fastq.gz	@A00938:497:HFFJHDSX7:1:1101:30110:1031 1:N:0:AGTTCAGG+NCTGTTGG
Mayo_09_P_S65_L001_R1_001.fastq.gz	@A00938:497:HFFJHDSX7:1:1101:28049:1031 1:N:0:AACAGGTT+NTTGGTAT
Mayo_10_M_S58_L001_R1_001.fastq.gz	@A00938:497:HFFJHDSX7:1:1101:28610:1031 1:N:0:GACCTGAA+NTCACCAA
Mayo_10_P_S11_L001_R1_001.fastq.gz	@A00938:497:HFFJHDSX7:1:1101:28429:1031 1:N:0:GGTGAACC+NCCAACGC
Mayo_11_M_S42_L001_R1_001.fastq.gz	@A00938:497:HFFJHDSX7:1:1101:27796:1031 1:N:0:TCTCTACT+NAACCGCG
Mayo_11_P_S21_L001_R1_001.fastq.gz	@A00938:497:HFFJHDSX7:1:1101:29695:1031 1:N:0:CAACAATG+NCGTGAAG
Mayo_12_M_S33_L001_R1_001.fastq.gz	@A00938:497:HFFJHDSX7:1:1101:32136:1031 1:N:0:CTCTCGTC+NGGTTATA
Mayo_12_P_S20_L001_R1_001.fastq.gz	@A00938:497:HFFJHDSX7:1:1101:28284:1031 1:N:0:TGGTGGCA+NTACAGGA
Mayo_13_M_S24_L001_R1_001.fastq.gz	@A00938:497:HFFJHDSX7:1:1101:27941:1031 1:N:0:CCAAGTCT+NCATCCTT
Mayo_13_P_S48_L001_R1_001.fastq.gz	@A00938:497:HFFJHDSX7:1:1101:27760:1031 1:N:0:AGGCAGAG+NGCATTCT
Mayo_14_M_S49_L001_R1_001.fastq.gz	@A00938:497:HFFJHDSX7:1:1101:27995:1031 1:N:0:TTGGACTC+NTGCTTCC
Mayo_14_P_S19_L001_R1_001.fastq.gz	@A00938:497:HFFJHDSX7:1:1101:28411:1031 1:N:0:GAATGAGA+NATGCCTC
Mayo_15_M_S7_L001_R1_001.fastq.gz	@A00938:497:HFFJHDSX7:1:1101:28013:1031 1:N:0:GGCTTAAG+NGTCACGA
Mayo_15_P_S39_L001_R1_001.fastq.gz	@A00938:497:HFFJHDSX7:1:1101:28357:1031 1:N:0:TGCGGCGT+NACCGAGG
Mayo_16_M_S40_L001_R1_001.fastq.gz	@A00938:497:HFFJHDSX7:1:1101:31123:1031 1:N:0:AATCCGGA+NACTGTAG
Mayo_16_P_S4_L001_R1_001.fastq.gz	@A00938:497:HFFJHDSX7:1:1101:32479:1031 1:N:0:CATAATAC+NGTTAGAA
Mayo_17_M_S46_L001_R1_001.fastq.gz	@A00938:497:HFFJHDSX7:1:1101:29514:1031 1:N:0:TAATACAG+NTGAATAT
Mayo_17_P_S81_L001_R1_001.fastq.gz	@A00938:497:HFFJHDSX7:1:1101:29423:1031 1:N:0:GATCTATC+NGCCTCAT
Mayo_18_M_S47_L001_R1_001.fastq.gz	@A00938:497:HFFJHDSX7:1:1101:24551:1047 1:N:0:CGGCGTGA+NCAGGCGC
Mayo_18_P_S32_L001_R1_001.fastq.gz	@A00938:497:HFFJHDSX7:1:1101:20862:1047 1:N:0:AGCTCGCT+NATTCTGC
Mayo_19_M_S74_L001_R1_001.fastq.gz	@A00938:497:HFFJHDSX7:1:1101:32823:1031 1:N:0:ATGTAAGT+NATAGAGT
Mayo_19_P_S35_L001_R1_001.fastq.gz	@A00938:497:HFFJHDSX7:1:1101:29948:1031 1:N:0:CGGAACTG+NCGTAGTG
Mayo_20_M_S23_L001_R1_001.fastq.gz	@A00938:497:HFFJHDSX7:1:1101:18674:1047 1:N:0:GCACGGAC+NGCGAGAC
Mayo_20_P_S9_L001_R1_001.fastq.gz	@A00938:497:HFFJHDSX7:1:1101:32009:1031 1:N:0:TAAGGTCA+NTACGACA
Mayo_21_M_S76_L001_R1_001.fastq.gz	@A00938:497:HFFJHDSX7:1:1101:27778:1031 1:N:0:GGTACCTT+NACGTCTT
Mayo_21_P_S54_L001_R1_001.fastq.gz	@A00938:497:HFFJHDSX7:1:1101:30074:1031 1:N:0:TTGCCTAG+NAAGTGGT
Mayo_22_M_S10_L001_R1_001.fastq.gz	@A00938:497:HFFJHDSX7:1:1101:27724:1031 1:N:0:AACGTTCC+NGTACTCC
Mayo_22_P_S29_L001_R1_001.fastq.gz	@A00938:497:HFFJHDSX7:1:1101:28320:1031 1:N:0:CCATTCGA+NGGACAAC
Mayo_23_M_S62_L001_R1_001.fastq.gz	@A00938:497:HFFJHDSX7:1:1101:32768:1031 1:N:0:GCAGAATT+NGGCCGGT
Mayo_23_P_S68_L001_R1_001.fastq.gz	@A00938:497:HFFJHDSX7:1:1101:28447:1031 1:N:0:ACACTAAG+NTATGGAT
Mayo_24_M_S73_L001_R1_001.fastq.gz	@A00938:497:HFFJHDSX7:1:1101:17011:1047 1:N:0:ATGAGGCC+NAATTAAC
Mayo_24_P_S64_L001_R1_001.fastq.gz	@A00938:497:HFFJHDSX7:1:1101:24858:1047 1:N:0:GTGTCGGA+NCGCAAGC
Mayo_25_M_S34_L001_R1_001.fastq.gz	@A00938:497:HFFJHDSX7:1:1101:28230:1031 1:N:0:ACTAAGAT+NCGCGGTT
Mayo_25_P_S78_L001_R1_001.fastq.gz	@A00938:497:HFFJHDSX7:1:1101:28700:1031 1:N:0:TTCCTGTT+NAGATACT
Mayo_26_M_S82_L001_R1_001.fastq.gz	@A00938:497:HFFJHDSX7:1:1101:29116:1031 1:N:0:GTCGGAGC+NTATAACC
Mayo_26_P_S83_L001_R1_001.fastq.gz	@A00938:497:HFFJHDSX7:1:1101:29405:1031 1:N:0:CCTTCACC+NGAGCGTC
Mayo_27_M_S71_L001_R1_001.fastq.gz	@A00938:497:HFFJHDSX7:1:1101:28067:1031 1:N:0:CTTGGTAT+NGACTTGG
Mayo_27_P_S38_L001_R1_001.fastq.gz	@A00938:497:HFFJHDSX7:1:1101:27742:1031 1:N:0:GCCACAGG+NTGGCATG
Mayo_28_M_S13_L001_R1_001.fastq.gz	@A00938:497:HFFJHDSX7:1:1101:30346:1031 1:N:0:TCCAACGC+NAGTCCAA
Mayo_28_P_S56_L001_R1_001.fastq.gz	@A00938:497:HFFJHDSX7:1:1101:28628:1031 1:N:0:ATTGTGAA+NCAATGCA
Mayo_29_M_S61_L001_R1_001.fastq.gz	@A00938:497:HFFJHDSX7:1:1101:30798:1031 1:N:0:CCGTGAAG+NTCCACTG
Mayo_29_P_S45_L001_R1_001.fastq.gz	@A00938:497:HFFJHDSX7:1:1101:29225:1031 1:N:0:ACTCGTGT+NTTCCAAT
Mayo_30_M_S28_L001_R1_001.fastq.gz	@A00938:497:HFFJHDSX7:1:1101:28899:1031 1:N:0:TTACAGGA+NCTTGTCA
Mayo_30_P_S27_L001_R1_001.fastq.gz	@A00938:497:HFFJHDSX7:1:1101:31919:1031 1:N:0:GTCTACAC+NCCTTGGC
Mayo_31_M_S72_L001_R1_001.fastq.gz	@A00938:497:HFFJHDSX7:1:1101:30382:1031 1:N:0:GGCATTCT+NAAGCTAG
Mayo_31_P_S37_L001_R1_001.fastq.gz	@A00938:497:HFFJHDSX7:1:1101:27868:1031 1:N:0:CAATTAAC+NTATCTCG
Mayo_33_M_S22_L001_R1_001.fastq.gz	@A00938:497:HFFJHDSX7:1:1101:31015:1031 1:N:0:AATGCCTC+NGGATCGA
Mayo_33_P_S16_L001_R1_001.fastq.gz	@A00938:497:HFFJHDSX7:1:1101:28537:1031 1:N:0:TGGCCGGT+NCGCTCTA
Mayo_34_M_S69_L001_R1_001.fastq.gz	@A00938:497:HFFJHDSX7:1:1101:28465:1031 1:N:0:TACCGAGG+NGTTCAGG
Mayo_34_P_S25_L001_R1_001.fastq.gz	@A00938:497:HFFJHDSX7:1:1101:27977:1031 1:N:0:AGTACTCC+NACAGGTT
Mayo_35_M_S59_L001_R1_001.fastq.gz	@A00938:497:HFFJHDSX7:1:1101:29658:1031 1:N:0:CGTTAGAA+NACCTGAA
Mayo_35_P_S14_L001_R1_001.fastq.gz	@A00938:497:HFFJHDSX7:1:1101:18367:1047 1:N:0:GACGTCTT+NGTGAACC
Mayo_36_M_S15_L001_R1_001.fastq.gz	@A00938:497:HFFJHDSX7:1:1101:28103:1031 1:N:0:AGCCTCAT+NCTCTACT
Mayo_36_P_S50_L001_R1_001.fastq.gz	@A00938:497:HFFJHDSX7:1:1101:32425:1031 1:N:0:TGCGAGAC+NAACAATG
Mayo_37_M_S51_L001_R1_001.fastq.gz	@A00938:497:HFFJHDSX7:1:1101:28483:1031 1:N:0:GATTCTGC+NTCTCGTC
Mayo_37_P_S67_L001_R1_001.fastq.gz	@A00938:497:HFFJHDSX7:1:1101:16396:1047 1:N:0:CATAGAGT+NGGTGGCA
Mayo_38_M_S75_L001_R1_001.fastq.gz	@A00938:497:HFFJHDSX7:1:1101:29550:1031 1:N:0:TCGTAGTG+NCAAGTCT
Mayo_38_P_S53_L001_R1_001.fastq.gz	@A00938:497:HFFJHDSX7:1:1101:28772:1031 1:N:0:ACAGGCGC+NGGCAGAG
Mayo_39_M_S8_L001_R1_001.fastq.gz	@A00938:497:HFFJHDSX7:1:1101:30743:1031 1:N:0:CTACGACA+NTGGACTC
Mayo_39_P_S3_L001_R1_001.fastq.gz	@A00938:497:HFFJHDSX7:1:1101:29839:1031 1:N:0:GTGAATAT+NAATGAGA
Mayo_40_M_S18_L001_R1_001.fastq.gz	@A00938:497:HFFJHDSX7:1:1101:30960:1031 1:N:0:TAAGTGGT+NGCTTAAG
Mayo_40_P_S66_L001_R1_001.fastq.gz	@A00938:497:HFFJHDSX7:1:1101:15763:1047 1:N:0:AACTGTAG+NGCGGCGT
Mayo_41_M_S1_L001_R1_001.fastq.gz	@A00938:497:HFFJHDSX7:1:1101:15619:1047 1:N:0:CGGACAAC+NATCCGGA
Mayo_41_P_S44_L001_R1_001.fastq.gz	@A00938:497:HFFJHDSX7:1:1101:29604:1031 1:N:0:GGTCACGA+NATAATAC
Mayo_42_M_S70_L001_R1_001.fastq.gz	@A00938:497:HFFJHDSX7:1:1101:27959:1031 1:N:0:ATATGGAT+NAATACAG
Mayo_42_P_S77_L001_R1_001.fastq.gz	@A00938:497:HFFJHDSX7:1:1101:15474:1047 1:N:0:CTGCTTCC+NATCTATC
Mayo_43_M_S31_L001_R1_001.fastq.gz	@A00938:497:HFFJHDSX7:1:1101:29803:1031 1:N:0:GCGCAAGC+NGGCGTGA
Mayo_43_P_S17_L001_R1_001.fastq.gz	@A00938:497:HFFJHDSX7:1:1101:28592:1031 1:N:0:TCATCCTT+NGCTCGCT
